1|crescendo.uga@gmail.com|Admin|crescendo|crescendo|uga|1990-01-01|Grenoble|2 Place Doyen Gosse|38000|profile.png
2|yoan.delannoy@gmail.com|Yang|$2y$10$j59R1wuKTzV7jw9.UVDJIOM6WFAaJqmflTCRJd4FGm0X/77hneqhC|Delannoy|Yoan|2003-08-23|Grenoble|13 Rue des Papetteries|38000|profile.png
3|pablomontanier@gmail.com|pablo_test|$2y$10$.p.Nh0/qWG2XloNrWXTTsugaN8qhNMdw1P2atCzTu01kNK/6S8B7W|Tourougui|Jallyl|2004-08-15|Paname|1 avenue des Champs-Elysées|75000|profile.png
4|a@a|a|$2y$10$j59R1wuKTzV7jw9.UVDJIOM6WFAaJqmflTCRJd4FGm0X/77hneqhC|a|a|2003-08-23|Grenoble|13 Rue des Papetteries|38000|profile.png
5|pierre.durand@gmail.com|pierre_durand|motdepasse2|Durand|Pierre|1995-01-01|Marseille|2 avenue des Champs Elysées|13000|profile.png
6|claire.leblanc@gmail.com|claire_leblanc|motdepasse3|Leblanc|Claire|2000-01-01|Lyon|3 rue de la liberté|69000|profile.png
7|thomas.dupont@gmail.com|thomas_dupont|motdepasse4|Dupont|Thomas|2005-01-01|Toulouse|4 avenue des Arts|31000|profile.png
8|test.test@gmail.com|Test|$2y$10$a9Nay9t3gPSGY79Mdea8Zuq6DKSdelOFONWTymIUW6NcemF7VChF6|Test|Test|2000-01-01|Grenoble|236 Rue des Tests|38000|profile.png